id,hobjId,pdId,developer,region,address,floorMin,floorMax,objElemLivingCnt,objReady100PercDt,wallMaterialShortDesc,objLkFinishTypeDesc,objLkFreePlanDesc,objElemParkingCnt,objSquareLiving,rpdNum,rpdPdfLink,rpdIssueDttm,objLkLatitude,objLkLongitude,objCompensFundFlg,objProblemFlg,objLkClassDesc,loadDttm,photoRenderDTO,objGuarantyEscrowFlg,objectType,miniUrl,residentialBuildings,newBuildingId,objFloorCnt,objFlatCnt,objFlatSq,objNonlivElemCnt,objStatus,isAvailableWantLiveHere,objTransferPlanDt,objLivCeilingHeight,objInfrstrBicycleLaneFlg,objInfrstrPlaygrndCnt,objInfrstrSportGroundCnt,objInfrstrTrashAreaCnt,objInfrstrObjPrkngCnt,objInfrstrNotObjPrkngCnt,objInfrstrRampFlg,objInfrstrCurbLoweringFlg,objElevatorWheelchairCnt,objElevatorPassengerCnt,objElevatorCargoCnt,objElevatorCargoPassengerCnt,soldOutPerc,objPriceAvg,generalContractorNm,nonlivFirstFloor,objectTransportInfo,conclusion,objLkSaleDepEmail,objGreenHouseFlg,objEnergyEffShortDesc,infrastructureIndexValue
13383,39024,28105,"{'devId': 306, 'devShortCleanNm': '2МЕН ГРУПП', 'devShortNm': '2МЕН ГРУПП', 'devFullCleanNm': '2МЕН ГРУПП', 'problObjCnt': 0, 'buildObjCnt': 5, 'comissObjCnt': 0, 'regRegionDesc': 'Тюменская область', 'devPhoneNum': '+7(345)279-18-88', 'devSite': '2mengroup.ru', 'devEmail': 'info@2mengroup.ru', 'devInn': '7701651356', 'devOgrn': '1067746424899', 'devKpp': '720301001', 'devLegalAddr': 'Тюменская область, город Тюмень, улица Комсомольская дом 75/5', 'devFactAddr': 'Тюменская область, город Тюмень, улица Комсомольская 75/5', 'lastRpdId': 670708, 'fundGuarantyFlg': 1, 'devOrgRegRegionCd': 72, 'devEmplMainFullNm': 'Киселев Сергей Михайлович', 'developerGroupName': '2МЕН ГРУПП ДЕВЕЛОПМЕНТ', 'orgForm': {'id': 1, 'fullForm': 'Акционерное общество', 'shortForm': 'АО'}, 'companyGroupId': 5776, 'objGuarantyEscrowFlg': 0, 'govFundFlg': 0}",72,г Тюмень,4,20,68,2023-03-31,Другое,По желанию заказчика,Есть,31,6296.55,72-000095,https://xn--80az8a.xn--d1aqf.xn--p1ai/api/ext/file/f7c977df-47dd-4d61-ae4d-9620b39fd876,19-12-2022 07:32,57.1519,65.5536,1,0,Элитный,26-12-2022 01:19,"[{'objId': 13383, 'pdId': 28105, 'rpdId': 669902, 'devId': 306, 'ordNum': 1, 'objRenderPhotoSize': 1433738, 'objRenderPhotoUrl': 'https://xn--80az8a.xn--d1aqf.xn--p1ai/api/ext/file/7c1ce108-aa51-45c2-acfa-3091f6bf7e54', 'objRenderPhotoDttm': '12-05-2021 16:56', 'objRenderPhotoHiddenFlg': 0, 'objRenderPhotoNm': 'IMG_20210512_093657.jpg', 'objReadyDesc': 'Строится', 'objBuildTypeShortDesc': 'Жилое', 'knFlg': 1, 'loadDttm': '26-12-2022 01:03'}, {'objId': 13383, 'pdId': 28105, 'rpdId': 669902, 'devId': 306, 'ordNum': 2, 'objRenderPhotoSize': 1304772, 'objRenderPhotoUrl': 'https://xn--80az8a.xn--d1aqf.xn--p1ai/api/ext/file/cf350104-3afa-40e8-86e1-212da5c99a9a', 'objRenderPhotoDttm': '12-05-2021 16:56', 'objRenderPhotoHiddenFlg': 0, 'objRenderPhotoNm': 'IMG_20210512_0937271.jpg', 'objReadyDesc': 'Строится', 'objBuildTypeShortDesc': 'Жилое', 'knFlg': 1, 'loadDttm': '26-12-2022 01:03'}, {'objId': 13383, 'pdId': 28105, 'rpdId': 669902, 'devId': 306, 'ordNum': 3, 'objRenderPhotoSize': 1351679, 'objRenderPhotoUrl': 'https://xn--80az8a.xn--d1aqf.xn--p1ai/api/ext/file/80422003-fc35-43f2-9174-de241b92bf1d', 'objRenderPhotoDttm': '12-05-2021 16:56', 'objRenderPhotoHiddenFlg': 0, 'objRenderPhotoNm': 'IMG_20210512_0938052.jpg', 'objReadyDesc': 'Строится', 'objBuildTypeShortDesc': 'Жилое', 'knFlg': 1, 'loadDttm': '26-12-2022 01:03'}, {'objId': 13383, 'pdId': 28105, 'rpdId': 669902, 'devId': 306, 'ordNum': 4, 'objRenderPhotoSize': 1472991, 'objRenderPhotoUrl': 'https://xn--80az8a.xn--d1aqf.xn--p1ai/api/ext/file/f70dc8e2-776f-4405-8f6f-d410c0061adf', 'objRenderPhotoDttm': '12-05-2021 16:56', 'objRenderPhotoHiddenFlg': 0, 'objRenderPhotoNm': 'IMG_20210512_0938223.jpg', 'objReadyDesc': 'Строится', 'objBuildTypeShortDesc': 'Жилое', 'knFlg': 1, 'loadDttm': '26-12-2022 01:03'}, {'objId': 13383, 'pdId': 28105, 'rpdId': 669902, 'devId': 306, 'ordNum': 5, 'objRenderPhotoSize': 1063993, 'objRenderPhotoUrl': 'https://xn--80az8a.xn--d1aqf.xn--p1ai/api/ext/file/ffd2a110-55a5-45c0-9bc1-61e146547df8', 'objRenderPhotoDttm': '12-05-2021 16:56', 'objRenderPhotoHiddenFlg': 0, 'objRenderPhotoNm': 'IMG_20210512_0940044.jpg', 'objReadyDesc': 'Строится', 'objBuildTypeShortDesc': 'Жилое', 'knFlg': 1, 'loadDttm': '26-12-2022 01:03'}, {'objId': 13383, 'pdId': 28105, 'rpdId': 669902, 'devId': 306, 'ordNum': 6, 'objRenderPhotoSize': 1034002, 'objRenderPhotoUrl': 'https://xn--80az8a.xn--d1aqf.xn--p1ai/api/ext/file/4c2881c9-a6da-4235-8faa-2f74c5970837', 'objRenderPhotoDttm': '12-05-2021 16:56', 'objRenderPhotoHiddenFlg': 0, 'objRenderPhotoNm': 'IMG_20210512_0940155.jpg', 'objReadyDesc': 'Строится', 'objBuildTypeShortDesc': 'Жилое', 'knFlg': 1, 'loadDttm': '26-12-2022 01:03'}, {'objId': 13383, 'pdId': 28105, 'rpdId': 669902, 'devId': 306, 'ordNum': 7, 'objRenderPhotoSize': 1169206, 'objRenderPhotoUrl': 'https://xn--80az8a.xn--d1aqf.xn--p1ai/api/ext/file/3c35f14c-f16c-46cc-a9a8-c3e828a514b0', 'objRenderPhotoDttm': '12-05-2021 16:56', 'objRenderPhotoHiddenFlg': 0, 'objRenderPhotoNm': 'IMG_20210512_0951216.jpg', 'objReadyDesc': 'Строится', 'objBuildTypeShortDesc': 'Жилое', 'knFlg': 1, 'loadDttm': '26-12-2022 01:03'}]",0,normal,https://xn--80az8a.xn--d1aqf.xn--p1ai/api/ext/file/0dca6482-02ba-4d56-a861-7a17db04c957,1,39024,20,68,6296.55,10,0,True,31-05-2023 12:00,"2,8",0,1,1,1,0,11,1,1,0,5,1,7,0.406984777378088,53109,ООО Транспромжилстрой-2005 (ИНН: 7204097730),1,[],False,info@2mengroup.ru,0,B,10
13398,37165,28141,"{'devId': 306, 'devShortCleanNm': '2МЕН ГРУПП', 'devShortNm': '2МЕН ГРУПП', 'devFullCleanNm': '2МЕН ГРУПП', 'problObjCnt': 0, 'buildObjCnt': 5, 'comissObjCnt': 0, 'regRegionDesc': 'Тюменская область', 'devPhoneNum': '+7(345)279-18-88', 'devSite': '2mengroup.ru', 'devEmail': 'info@2mengroup.ru', 'devInn': '7701651356', 'devOgrn': '1067746424899', 'devKpp': '720301001', 'devLegalAddr': 'Тюменская область, город Тюмень, улица Комсомольская дом 75/5', 'devFactAddr': 'Тюменская область, город Тюмень, улица Комсомольская 75/5', 'lastRpdId': 670708, 'fundGuarantyFlg': 1, 'devOrgRegRegionCd': 72, 'devEmplMainFullNm': 'Киселев Сергей Михайлович', 'developerGroupName': '2МЕН ГРУПП ДЕВЕЛОПМЕНТ', 'orgForm': {'id': 1, 'fullForm': 'Акционерное общество', 'shortForm': 'АО'}, 'companyGroupId': 5776, 'objGuarantyEscrowFlg': 0, 'govFundFlg': 0}",72,"г Тюмень, ул Профсоюзная, д. 56",7,10,43,2024-12-31,Другое,Без отделки,Нет,0,4812.98,72-000097,https://xn--80az8a.xn--d1aqf.xn--p1ai/api/ext/file/f9e7c4a9-9b03-4357-9d3e-acce4e1dfd33,09-12-2022 15:04,57.1519,65.5544,0,0,Элитный,26-12-2022 01:19,"[{'objId': 13398, 'pdId': 28141, 'rpdId': 667500, 'devId': 306, 'ordNum': 1, 'objRenderPhotoSize': 1325881, 'objRenderPhotoUrl': 'https://xn--80az8a.xn--d1aqf.xn--p1ai/api/ext/file/02b88db9-bdd0-4b77-b652-32578b277f6b', 'objRenderPhotoDttm': '12-05-2021 16:52', 'objRenderPhotoHiddenFlg': 0, 'objRenderPhotoNm': 'IMG_20210512_093624.jpg', 'objReadyDesc': 'Строится', 'objBuildTypeShortDesc': 'Жилое', 'knFlg': 1, 'loadDttm': '26-12-2022 01:03'}, {'objId': 13398, 'pdId': 28141, 'rpdId': 667500, 'devId': 306, 'ordNum': 2, 'objRenderPhotoSize': 1383679, 'objRenderPhotoUrl': 'https://xn--80az8a.xn--d1aqf.xn--p1ai/api/ext/file/bf3be0fd-4fbf-43e5-9fc8-878e2572c54b', 'objRenderPhotoDttm': '12-05-2021 16:52', 'objRenderPhotoHiddenFlg': 0, 'objRenderPhotoNm': 'IMG_20210512_0936261.jpg', 'objReadyDesc': 'Строится', 'objBuildTypeShortDesc': 'Жилое', 'knFlg': 1, 'loadDttm': '26-12-2022 01:03'}, {'objId': 13398, 'pdId': 28141, 'rpdId': 667500, 'devId': 306, 'ordNum': 3, 'objRenderPhotoSize': 101323, 'objRenderPhotoUrl': 'https://xn--80az8a.xn--d1aqf.xn--p1ai/api/ext/file/9dce7b87-2eec-4a1d-9c95-637915fde79f', 'objRenderPhotoDttm': '17-09-2021 14:54', 'objRenderPhotoHiddenFlg': 0, 'objRenderPhotoNm': 'IMG_8196.JPG', 'objReadyDesc': 'Строится', 'objBuildTypeShortDesc': 'Жилое', 'knFlg': 1, 'loadDttm': '26-12-2022 01:03'}, {'objId': 13398, 'pdId': 28141, 'rpdId': 667500, 'devId': 306, 'ordNum': 4, 'objRenderPhotoSize': 80019, 'objRenderPhotoUrl': 'https://xn--80az8a.xn--d1aqf.xn--p1ai/api/ext/file/547ca489-819a-4f0f-b0d5-0313a893bf02', 'objRenderPhotoDttm': '17-09-2021 14:54', 'objRenderPhotoHiddenFlg': 0, 'objRenderPhotoNm': 'IMG_81971.JPG', 'objReadyDesc': 'Строится', 'objBuildTypeShortDesc': 'Жилое', 'knFlg': 1, 'loadDttm': '26-12-2022 01:03'}, {'objId': 13398, 'pdId': 28141, 'rpdId': 667500, 'devId': 306, 'ordNum': 5, 'objRenderPhotoSize': 322146, 'objRenderPhotoUrl': 'https://xn--80az8a.xn--d1aqf.xn--p1ai/api/ext/file/5752d0b6-aeba-4914-877c-110ce07da450', 'objRenderPhotoDttm': '20-01-2022 10:36', 'objRenderPhotoHiddenFlg': 0, 'objRenderPhotoNm': 'IMG_8924.JPG', 'objReadyDesc': 'Строится', 'objBuildTypeShortDesc': 'Жилое', 'knFlg': 1, 'loadDttm': '26-12-2022 01:03'}]",0,normal,https://xn--80az8a.xn--d1aqf.xn--p1ai/api/ext/file/8444e255-8fdf-4ff6-81e1-658e1e075c23,1,37165,10,43,4812.98,48,0,True,28-02-2025 12:00,"2,96",0,1,1,1,4,15,1,1,0,3,3,6,1.0,47886,ООО Транспромжилстрой-2005 (ИНН: 7204097730),0,[],False,info@2mengroup.ru,0,B,10
13397,37201,28141,"{'devId': 306, 'devShortCleanNm': '2МЕН ГРУПП', 'devShortNm': '2МЕН ГРУПП', 'devFullCleanNm': '2МЕН ГРУПП', 'problObjCnt': 0, 'buildObjCnt': 5, 'comissObjCnt': 0, 'regRegionDesc': 'Тюменская область', 'devPhoneNum': '+7(345)279-18-88', 'devSite': '2mengroup.ru', 'devEmail': 'info@2mengroup.ru', 'devInn': '7701651356', 'devOgrn': '1067746424899', 'devKpp': '720301001', 'devLegalAddr': 'Тюменская область, город Тюмень, улица Комсомольская дом 75/5', 'devFactAddr': 'Тюменская область, город Тюмень, улица Комсомольская 75/5', 'lastRpdId': 670708, 'fundGuarantyFlg': 1, 'devOrgRegRegionCd': 72, 'devEmplMainFullNm': 'Киселев Сергей Михайлович', 'developerGroupName': '2МЕН ГРУПП ДЕВЕЛОПМЕНТ', 'orgForm': {'id': 1, 'fullForm': 'Акционерное общество', 'shortForm': 'АО'}, 'companyGroupId': 5776, 'objGuarantyEscrowFlg': 0, 'govFundFlg': 0}",72,"г Тюмень, ул Профсоюзная, д. 56",6,12,65,2024-12-31,Другое,Без отделки,Нет,0,6248.51,72-000097,https://xn--80az8a.xn--d1aqf.xn--p1ai/api/ext/file/f9e7c4a9-9b03-4357-9d3e-acce4e1dfd33,09-12-2022 15:04,57.1519,65.5544,0,0,Элитный,26-12-2022 01:19,"[{'objId': 13397, 'pdId': 28141, 'rpdId': 667500, 'devId': 306, 'ordNum': 1, 'objRenderPhotoSize': 1495964, 'objRenderPhotoUrl': 'https://xn--80az8a.xn--d1aqf.xn--p1ai/api/ext/file/3468baf9-f5b6-446b-a6b9-1b3147d72e28', 'objRenderPhotoDttm': '12-05-2021 16:54', 'objRenderPhotoHiddenFlg': 0, 'objRenderPhotoNm': 'IMG_20210512_094406.jpg', 'objReadyDesc': 'Строится', 'objBuildTypeShortDesc': 'Жилое', 'knFlg': 1, 'loadDttm': '26-12-2022 01:03'}, {'objId': 13397, 'pdId': 28141, 'rpdId': 667500, 'devId': 306, 'ordNum': 2, 'objRenderPhotoSize': 1079175, 'objRenderPhotoUrl': 'https://xn--80az8a.xn--d1aqf.xn--p1ai/api/ext/file/c602e57b-9ff4-4f95-8733-a507e50eaebe', 'objRenderPhotoDttm': '12-05-2021 16:54', 'objRenderPhotoHiddenFlg': 0, 'objRenderPhotoNm': 'IMG_20210512_094452.jpg', 'objReadyDesc': 'Строится', 'objBuildTypeShortDesc': 'Жилое', 'knFlg': 1, 'loadDttm': '26-12-2022 01:03'}, {'objId': 13397, 'pdId': 28141, 'rpdId': 667500, 'devId': 306, 'ordNum': 3, 'objRenderPhotoSize': 1222192, 'objRenderPhotoUrl': 'https://xn--80az8a.xn--d1aqf.xn--p1ai/api/ext/file/d6b9d8ea-1541-4526-9bb3-adb413f746bf', 'objRenderPhotoDttm': '12-05-2021 16:54', 'objRenderPhotoHiddenFlg': 0, 'objRenderPhotoNm': 'IMG_20210512_0948551.jpg', 'objReadyDesc': 'Строится', 'objBuildTypeShortDesc': 'Жилое', 'knFlg': 1, 'loadDttm': '26-12-2022 01:03'}, {'objId': 13397, 'pdId': 28141, 'rpdId': 667500, 'devId': 306, 'ordNum': 4, 'objRenderPhotoSize': 978388, 'objRenderPhotoUrl': 'https://xn--80az8a.xn--d1aqf.xn--p1ai/api/ext/file/8745e4bc-b106-4917-b0ab-cffc2ec20a2d', 'objRenderPhotoDttm': '12-05-2021 16:54', 'objRenderPhotoHiddenFlg': 0, 'objRenderPhotoNm': 'IMG_20210512_0949152.jpg', 'objReadyDesc': 'Строится', 'objBuildTypeShortDesc': 'Жилое', 'knFlg': 1, 'loadDttm': '26-12-2022 01:03'}]",0,normal,https://xn--80az8a.xn--d1aqf.xn--p1ai/api/ext/file/cb641b0a-8580-4cbd-9f0c-1dca386bdb97,1,37201,12,65,6248.51,70,0,True,28-02-2025 12:00,"2,96",0,1,1,1,11,10,1,1,0,5,4,9,0.99998399618469,45523,ООО Транспромжилстрой-2005 (ИНН: 7204097730),0,[],False,info@2mengroup.ru,0,B,10
13399,34754,28141,"{'devId': 306, 'devShortCleanNm': '2МЕН ГРУПП', 'devShortNm': '2МЕН ГРУПП', 'devFullCleanNm': '2МЕН ГРУПП', 'problObjCnt': 0, 'buildObjCnt': 5, 'comissObjCnt': 0, 'regRegionDesc': 'Тюменская область', 'devPhoneNum': '+7(345)279-18-88', 'devSite': '2mengroup.ru', 'devEmail': 'info@2mengroup.ru', 'devInn': '7701651356', 'devOgrn': '1067746424899', 'devKpp': '720301001', 'devLegalAddr': 'Тюменская область, город Тюмень, улица Комсомольская дом 75/5', 'devFactAddr': 'Тюменская область, город Тюмень, улица Комсомольская 75/5', 'lastRpdId': 670708, 'fundGuarantyFlg': 1, 'devOrgRegRegionCd': 72, 'devEmplMainFullNm': 'Киселев Сергей Михайлович', 'developerGroupName': '2МЕН ГРУПП ДЕВЕЛОПМЕНТ', 'orgForm': {'id': 1, 'fullForm': 'Акционерное общество', 'shortForm': 'АО'}, 'companyGroupId': 5776, 'objGuarantyEscrowFlg': 0, 'govFundFlg': 0}",72,"г Тюмень, ул Профсоюзная, д. 56",1,1,0,2024-12-31,Другое,Без отделки,Нет,125,0.0,72-000097,https://xn--80az8a.xn--d1aqf.xn--p1ai/api/ext/file/f9e7c4a9-9b03-4357-9d3e-acce4e1dfd33,09-12-2022 15:04,57.1519,65.5544,0,0,Элитный,26-12-2022 01:19,"[{'objId': 13399, 'pdId': 28141, 'rpdId': 667500, 'devId': 306, 'ordNum': 1, 'objRenderPhotoSize': 996519, 'objRenderPhotoUrl': 'https://xn--80az8a.xn--d1aqf.xn--p1ai/api/ext/file/0b989b49-d32a-40ea-8cd3-28d6d0b6cda9', 'objRenderPhotoDttm': '12-05-2021 16:51', 'objRenderPhotoHiddenFlg': 0, 'objRenderPhotoNm': 'IMG_20210512_095117.jpg', 'objReadyDesc': 'Строится', 'objBuildTypeShortDesc': 'Нежилое', 'knFlg': 0, 'loadDttm': '26-12-2022 01:03'}]",0,normal,https://xn--80az8a.xn--d1aqf.xn--p1ai/api/ext/file/6c612978-9eec-4571-a24d-90c40b806c66,0,34754,1,0,0.0,0,0,True,28-02-2025 12:00,-,0,0,0,1,0,0,1,1,0,8,7,15,0.917242870424423,50768,ООО Транспромжилстрой-2005 (ИНН: 7204097730),1,[],False,info@2mengroup.ru,0,B,10
36912,117248,337586,"{'devId': 10296, 'devShortCleanNm': 'CЗ СТРОЙРЕСУРС', 'devShortNm': 'CЗ СТРОЙРЕСУРС', 'devFullCleanNm': 'CПЕЦИАЛИЗИРОВАННЫЙ ЗАСТРОЙЩИК СТРОЙРЕСУРС', 'problObjCnt': 0, 'buildObjCnt': 1, 'comissObjCnt': 0, 'regRegionDesc': 'Ставропольский край', 'devPhoneNum': '+7(865)223-03-08', 'devSite': 'sz.stroyresurs126.ru', 'devEmail': 'sz.stroyresurs@yandex.ru', 'devInn': '2634049923', 'devOgrn': '1022601933430', 'devKpp': '263501001', 'devLegalAddr': 'Ставропольский край, г Ставрополь, пр-кт Кулакова дом 12Б офис 102', 'devFactAddr': 'край Ставропольский, г Ставрополь, пр-кт Кулакова, д. 12Б, оф. 102', 'lastRpdId': 662297, 'fundGuarantyFlg': 0, 'devOrgRegRegionCd': 26, 'devEmplMainFullNm': 'Пономаренко Светлана Федоровна', 'orgForm': {'id': 4, 'fullForm': 'Общество с ограниченной ответственностью', 'shortForm': 'ООО'}, 'objGuarantyEscrowFlg': 1, 'govFundFlg': 0}",26,"г Ставрополь, ул Шпаковская, Доваторцев, д. 107, 38, блок-секция БС-1, БС-2, БС-3",2,10,104,2022-12-31,Монолит-кирпич,Под чистовую,Нет,42,8295.2,26-000567,https://xn--80az8a.xn--d1aqf.xn--p1ai/api/ext/file/46c7bd8a-704f-4efc-9974-8f8bd190612e,02-12-2022 12:57,45.02,41.9346,0,0,Комфорт,26-12-2022 01:19,"[{'objId': 36912, 'pdId': 337586, 'rpdId': 662297, 'devId': 10296, 'ordNum': 1, 'objRenderPhotoSize': 3018925, 'objRenderPhotoUrl': 'https://xn--80az8a.xn--d1aqf.xn--p1ai/api/ext/file/163a4483-4231-45b1-88ff-14013ee3a070', 'objRenderPhotoDttm': '21-09-2020 10:58', 'objRenderPhotoHiddenFlg': 0, 'objRenderPhotoNm': '-3D-Шпаковская-107-доваторцев-38_page-0003.jpg', 'objReadyDesc': 'Строится', 'objBuildTypeShortDesc': 'Жилое', 'knFlg': 1, 'loadDttm': '26-12-2022 01:03'}, {'objId': 36912, 'pdId': 337586, 'rpdId': 662297, 'devId': 10296, 'ordNum': 2, 'objRenderPhotoSize': 2712338, 'objRenderPhotoUrl': 'https://xn--80az8a.xn--d1aqf.xn--p1ai/api/ext/file/c691285b-029a-43b6-977a-db3d6c6ef05d', 'objRenderPhotoDttm': '21-09-2020 10:58', 'objRenderPhotoHiddenFlg': 0, 'objRenderPhotoNm': '-3D-Шпаковская-107-доваторцев-38_page-00041.jpg', 'objReadyDesc': 'Строится', 'objBuildTypeShortDesc': 'Жилое', 'knFlg': 1, 'loadDttm': '26-12-2022 01:03'}]",1,normal,https://xn--80az8a.xn--d1aqf.xn--p1ai/api/ext/file/6f480f77-4ff9-4ed2-9a4f-7990e926d7bc,1,117248,10,104,8295.2,10,0,True,31-12-2022 12:00,"2,85",0,1,0,1,20,0,1,1,0,3,0,0,0.609216173208602,62703,ООО Стройресурс (ИНН: 2634053119),1,[],False,sz.stroyresurs@yandex.ru,0,B,8
10891,6541,23054,"{'devId': 3006, 'devShortCleanNm': 'ААК ВОЛОГДААГРОСТРОЙ', 'devShortNm': 'ААК ВОЛОГДААГРОСТРОЙ', 'devFullCleanNm': 'АКЦИОНЕРНАЯ АГРОСТРОИТЕЛЬНАЯ КОМПАНИЯВОЛОГДААГРОСТРОЙ', 'problObjCnt': 0, 'buildObjCnt': 1, 'comissObjCnt': 5, 'regRegionDesc': 'Волгоградская область', 'devPhoneNum': '+7(817)274-79-00', 'devSite': 'vologdaagrostroy.ru', 'devEmail': 'vologdaagrostroy@yandex.ru', 'devInn': '3525000888', 'devOgrn': '1023500886386', 'devKpp': '352501001', 'devLegalAddr': 'Волгоградская область, г Вологда, улица Галкинская дом 24', 'devFactAddr': 'обл Вологодская, г Вологда, улица Галкинская, д. 24', 'lastRpdId': 666390, 'fundGuarantyFlg': 1, 'devOrgRegRegionCd': 34, 'devEmplMainFullNm': 'Корытин Владимир Николаевич', 'developerGroupName': 'ВологдаАгрострой', 'orgForm': {'id': 1, 'fullForm': 'Акционерное общество', 'shortForm': 'АО'}, 'companyGroupId': 7368, 'objGuarantyEscrowFlg': 0, 'govFundFlg': 0}",35,"г Вологда, ул Медуницинская, д. 7",16,16,225,2023-03-31,Панель,Без отделки,Есть,0,12847.23,35-000069,https://xn--80az8a.xn--d1aqf.xn--p1ai/api/ext/file/40e17eb9-8868-4ac5-b26f-96394ab96ce8,08-12-2022 14:21,59.1985,39.858,1,0,Комфорт,26-12-2022 01:19,"[{'objId': 10891, 'pdId': 23054, 'rpdId': 666390, 'devId': 3006, 'ordNum': 1, 'objRenderPhotoSize': 997430, 'objRenderPhotoUrl': 'https://xn--80az8a.xn--d1aqf.xn--p1ai/api/ext/file/3ea64ecc-3ddf-4cd1-b8b4-d87b25cc5616', 'objRenderPhotoDttm': '15-11-2018 14:59', 'objRenderPhotoHiddenFlg': 0, 'objRenderPhotoNm': 'дом № 1 по гп_исходник.jpg', 'objReadyDesc': 'Строится', 'objBuildTypeShortDesc': 'Жилое', 'knFlg': 1, 'loadDttm': '26-12-2022 01:03'}]",0,normal,https://xn--80az8a.xn--d1aqf.xn--p1ai/api/ext/file/b351ac01-a6d6-4f2b-9b86-8d45152245da,1,6541,16,225,12847.23,3,0,True,01-09-2023 12:00,"2,7 - 3",0,1,1,1,0,0,0,1,0,3,0,3,0.916518191080879,44771,-,0,[],False,vologdaagrostroy@yandex.ru,0,D,9
8809,4071,18074,"{'devId': 1955, 'devShortCleanNm': 'АБСОЛЮТ', 'devShortNm': 'АБСОЛЮТ', 'devFullCleanNm': 'АБСОЛЮТ', 'problObjCnt': 0, 'buildObjCnt': 2, 'comissObjCnt': 0, 'regRegionDesc': 'Челябинская область', 'devPhoneNum': '+7(351)272-03-02', 'devSite': 'www.absolyt74.ru', 'devEmail': 'stroikomplekt2@mail.ru', 'devInn': '7448189898', 'devOgrn': '1167456064236', 'devKpp': '744801001', 'devLegalAddr': 'Челябинская область, город Челябинск, проспект Победы дом 390 корпус А офис 16А', 'devFactAddr': 'обл Челябинская город Челябинск проспект Победы д. 390 кор. А оф. 16А', 'lastRpdId': 153369, 'fundGuarantyFlg': 0, 'devOrgRegRegionCd': 74, 'devEmplMainFullNm': 'Емельянов Юрий Васильевич', 'developerGroupName': 'Серебряный ключ', 'orgForm': {'id': 4, 'fullForm': 'Общество с ограниченной ответственностью', 'shortForm': 'ООО'}, 'companyGroupId': 5635, 'objGuarantyEscrowFlg': 0, 'govFundFlg': 0}",74,"город Южноуральск, улица Сергея Буландо, д. 8",10,10,129,2019-03-31,Другое,Под ключ,-,0,5766.3,74-000169,https://xn--80az8a.xn--d1aqf.xn--p1ai/api/ext/file/11874eb8-31a7-43be-bbea-f3a185fa0036,19-05-2019 14:12,54.4377,61.2772,0,0,Другое,26-12-2022 01:19,[],0,normal,-,1,4071,10,129,5766.3,0,0,True,-,-,0,-,-,-,-,-,0,0,-,-,-,0,-,-,-,0,[],False,-,0,B,7
8810,39960,18074,"{'devId': 1955, 'devShortCleanNm': 'АБСОЛЮТ', 'devShortNm': 'АБСОЛЮТ', 'devFullCleanNm': 'АБСОЛЮТ', 'problObjCnt': 0, 'buildObjCnt': 2, 'comissObjCnt': 0, 'regRegionDesc': 'Челябинская область', 'devPhoneNum': '+7(351)272-03-02', 'devSite': 'www.absolyt74.ru', 'devEmail': 'stroikomplekt2@mail.ru', 'devInn': '7448189898', 'devOgrn': '1167456064236', 'devKpp': '744801001', 'devLegalAddr': 'Челябинская область, город Челябинск, проспект Победы дом 390 корпус А офис 16А', 'devFactAddr': 'обл Челябинская город Челябинск проспект Победы д. 390 кор. А оф. 16А', 'lastRpdId': 153369, 'fundGuarantyFlg': 0, 'devOrgRegRegionCd': 74, 'devEmplMainFullNm': 'Емельянов Юрий Васильевич', 'developerGroupName': 'Серебряный ключ', 'orgForm': {'id': 4, 'fullForm': 'Общество с ограниченной ответственностью', 'shortForm': 'ООО'}, 'companyGroupId': 5635, 'objGuarantyEscrowFlg': 0, 'govFundFlg': 0}",74,"город Южноуральск, улица Сергея Буландо, д. 8",10,10,119,2019-03-31,Другое,Под ключ,-,0,3927.28,74-000169,https://xn--80az8a.xn--d1aqf.xn--p1ai/api/ext/file/11874eb8-31a7-43be-bbea-f3a185fa0036,19-05-2019 14:12,54.4377,61.2774,0,0,Другое,26-12-2022 01:19,[],0,normal,-,1,39960,10,119,3927.28,0,0,True,-,-,0,-,-,-,-,-,0,0,-,-,-,0,-,-,-,0,[],False,-,0,B,7
39176,119604,435352,"{'devId': 1146, 'devShortCleanNm': 'АВА ДЕВЕЛОПМЕНТ ПЛЮС', 'devShortNm': 'АВА ДЕВЕЛОПМЕНТ ПЛЮС', 'devFullCleanNm': 'АВА ДЕВЕЛОПМЕНТ ПЛЮС', 'problObjCnt': 0, 'buildObjCnt': 2, 'comissObjCnt': 2, 'regRegionDesc': 'Краснодарский край', 'devPhoneNum': '+7(800)222-10-10', 'devSite': 'www.ask-yug.com', 'devEmail': 'elreg@ask-yug.com', 'devInn': '2312266578', 'devOgrn': '1172375095661', 'devKpp': '231201001', 'devLegalAddr': 'Краснодарский край, город Краснодар, улица Бородинская дом 14 помещение 318', 'devFactAddr': 'край Краснодарский город Краснодар улица Бородинская д. 14', 'lastRpdId': 666594, 'fundGuarantyFlg': 0, 'devOrgRegRegionCd': 23, 'devEmplMainFullNm': 'Самойленко Сергей Анатольевич', 'developerGroupName': 'AVA Group', 'orgForm': {'id': 4, 'fullForm': 'Общество с ограниченной ответственностью', 'shortForm': 'ООО'}, 'companyGroupId': 6695, 'objGuarantyEscrowFlg': 1, 'govFundFlg': 0}",23,"г Краснодар, улица Валерия Гассия, д. 4/7, литера 4",25,25,198,2024-09-30,Другое,По желанию заказчика,Нет,0,11535.6,23-002272,https://xn--80az8a.xn--d1aqf.xn--p1ai/api/ext/file/d76c94b9-a827-4c80-a9d9-d10c896d9313,08-12-2022 09:35,44.9864,39.0701,0,0,Комфорт,26-12-2022 01:19,"[{'objId': 39176, 'pdId': 435352, 'rpdId': 665324, 'devId': 1146, 'ordNum': 1, 'objRenderPhotoSize': 800434, 'objRenderPhotoUrl': 'https://xn--80az8a.xn--d1aqf.xn--p1ai/api/ext/file/64fc9af9-db55-40bc-898e-11a4d9415e0b', 'objRenderPhotoDttm': '14-10-2021 17:41', 'objRenderPhotoHiddenFlg': 0, 'objRenderPhotoNm': 'RBN_Fresh_-_final02.jpg', 'objReadyDesc': 'Строится', 'objBuildTypeShortDesc': 'Жилое', 'knFlg': 1, 'loadDttm': '26-12-2022 01:03'}, {'objId': 39176, 'pdId': 435352, 'rpdId': 665324, 'devId': 1146, 'ordNum': 2, 'objRenderPhotoSize': 803024, 'objRenderPhotoUrl': 'https://xn--80az8a.xn--d1aqf.xn--p1ai/api/ext/file/5c739d34-a9aa-4ef8-bf17-a64b73045e28', 'objRenderPhotoDttm': '14-10-2021 17:41', 'objRenderPhotoHiddenFlg': 0, 'objRenderPhotoNm': 'RBN_Fresh_-_final02_21.jpg', 'objReadyDesc': 'Строится', 'objBuildTypeShortDesc': 'Жилое', 'knFlg': 1, 'loadDttm': '26-12-2022 01:03'}, {'objId': 39176, 'pdId': 435352, 'rpdId': 665324, 'devId': 1146, 'ordNum': 3, 'objRenderPhotoSize': 761263, 'objRenderPhotoUrl': 'https://xn--80az8a.xn--d1aqf.xn--p1ai/api/ext/file/969c9114-50cc-409d-91d6-9ce2bf7877d7', 'objRenderPhotoDttm': '14-10-2021 17:41', 'objRenderPhotoHiddenFlg': 0, 'objRenderPhotoNm': 'RBN_Fresh_-_final032.jpg', 'objReadyDesc': 'Строится', 'objBuildTypeShortDesc': 'Жилое', 'knFlg': 1, 'loadDttm': '26-12-2022 01:03'}, {'objId': 39176, 'pdId': 435352, 'rpdId': 665324, 'devId': 1146, 'ordNum': 4, 'objRenderPhotoSize': 765332, 'objRenderPhotoUrl': 'https://xn--80az8a.xn--d1aqf.xn--p1ai/api/ext/file/c79a0715-c464-42c8-9bf0-53fe367bbb52', 'objRenderPhotoDttm': '14-10-2021 17:41', 'objRenderPhotoHiddenFlg': 0, 'objRenderPhotoNm': 'RBN_Fresh_-_final03_23.jpg', 'objReadyDesc': 'Строится', 'objBuildTypeShortDesc': 'Жилое', 'knFlg': 1, 'loadDttm': '26-12-2022 01:03'}, {'objId': 39176, 'pdId': 435352, 'rpdId': 665324, 'devId': 1146, 'ordNum': 5, 'objRenderPhotoSize': 726023, 'objRenderPhotoUrl': 'https://xn--80az8a.xn--d1aqf.xn--p1ai/api/ext/file/9456cdaa-654b-4280-8494-a6c95fcdd9db', 'objRenderPhotoDttm': '14-10-2021 17:41', 'objRenderPhotoHiddenFlg': 0, 'objRenderPhotoNm': 'RBN_Fresh_-_final044.jpg', 'objReadyDesc': 'Строится', 'objBuildTypeShortDesc': 'Жилое', 'knFlg': 1, 'loadDttm': '26-12-2022 01:03'}, {'objId': 39176, 'pdId': 435352, 'rpdId': 665324, 'devId': 1146, 'ordNum': 6, 'objRenderPhotoSize': 730030, 'objRenderPhotoUrl': 'https://xn--80az8a.xn--d1aqf.xn--p1ai/api/ext/file/d51ad70c-13ff-4aa3-ad67-c29c604e2350', 'objRenderPhotoDttm': '14-10-2021 17:41', 'objRenderPhotoHiddenFlg': 0, 'objRenderPhotoNm': 'RBN_Fresh_-_final04_25.jpg', 'objReadyDesc': 'Строится', 'objBuildTypeShortDesc': 'Жилое', 'knFlg': 1, 'loadDttm': '26-12-2022 01:03'}, {'objId': 39176, 'pdId': 435352, 'rpdId': 665324, 'devId': 1146, 'ordNum': 7, 'objRenderPhotoSize': 816468, 'objRenderPhotoUrl': 'https://xn--80az8a.xn--d1aqf.xn--p1ai/api/ext/file/7139b90f-9d20-439d-a633-728e3571a1bb', 'objRenderPhotoDttm': '14-10-2021 17:41', 'objRenderPhotoHiddenFlg': 0, 'objRenderPhotoNm': 'RBN_Fresh_-_final056.jpg', 'objReadyDesc': 'Строится', 'objBuildTypeShortDesc': 'Жилое', 'knFlg': 1, 'loadDttm': '26-12-2022 01:03'}, {'objId': 39176, 'pdId': 435352, 'rpdId': 665324, 'devId': 1146, 'ordNum': 8, 'objRenderPhotoSize': 511116, 'objRenderPhotoUrl': 'https://xn--80az8a.xn--d1aqf.xn--p1ai/api/ext/file/8c41176f-4580-4933-908f-78856a6f4b0e', 'objRenderPhotoDttm': '14-10-2021 17:41', 'objRenderPhotoHiddenFlg': 0, 'objRenderPhotoNm': 'RBN_Fresh_-_final067.jpg', 'objReadyDesc': 'Строится', 'objBuildTypeShortDesc': 'Жилое', 'knFlg': 1, 'loadDttm': '26-12-2022 01:03'}, {'objId': 39176, 'pdId': 435352, 'rpdId': 665324, 'devId': 1146, 'ordNum': 9, 'objRenderPhotoSize': 550854, 'objRenderPhotoUrl': 'https://xn--80az8a.xn--d1aqf.xn--p1ai/api/ext/file/1abfb472-94bb-4be6-8ca4-867b733626b4', 'objRenderPhotoDttm': '14-10-2021 17:41', 'objRenderPhotoHiddenFlg': 0, 'objRenderPhotoNm': 'RBN_Fresh_-_final078.jpg', 'objReadyDesc': 'Строится', 'objBuildTypeShortDesc': 'Жилое', 'knFlg': 1, 'loadDttm': '26-12-2022 01:03'}, {'objId': 39176, 'pdId': 435352, 'rpdId': 665324, 'devId': 1146, 'ordNum': 10, 'objRenderPhotoSize': 523434, 'objRenderPhotoUrl': 'https://xn--80az8a.xn--d1aqf.xn--p1ai/api/ext/file/1f3a9c21-5564-4f28-9a6c-f2b59e1d854e', 'objRenderPhotoDttm': '14-10-2021 17:41', 'objRenderPhotoHiddenFlg': 0, 'objRenderPhotoNm': 'RBN_Fresh_-_final07_extra9.jpg', 'objReadyDesc': 'Строится', 'objBuildTypeShortDesc': 'Жилое', 'knFlg': 1, 'loadDttm': '26-12-2022 01:03'}, {'objId': 39176, 'pdId': 435352, 'rpdId': 665324, 'devId': 1146, 'ordNum': 11, 'objRenderPhotoSize': 626261, 'objRenderPhotoUrl': 'https://xn--80az8a.xn--d1aqf.xn--p1ai/api/ext/file/e993fa32-4542-4562-a80e-c66b5a7edf09', 'objRenderPhotoDttm': '14-10-2021 17:41', 'objRenderPhotoHiddenFlg': 0, 'objRenderPhotoNm': 'RBN_Fresh_-_final0810.jpg', 'objReadyDesc': 'Строится', 'objBuildTypeShortDesc': 'Жилое', 'knFlg': 1, 'loadDttm': '26-12-2022 01:03'}, {'objId': 39176, 'pdId': 435352, 'rpdId': 665324, 'devId': 1146, 'ordNum': 12, 'objRenderPhotoSize': 754549, 'objRenderPhotoUrl': 'https://xn--80az8a.xn--d1aqf.xn--p1ai/api/ext/file/4be61f2e-4a56-42c8-8d7e-25c460ee3822', 'objRenderPhotoDttm': '14-10-2021 17:41', 'objRenderPhotoHiddenFlg': 0, 'objRenderPhotoNm': 'RBN_Fresh_-_final09_extra11.jpg', 'objReadyDesc': 'Строится', 'objBuildTypeShortDesc': 'Жилое', 'knFlg': 1, 'loadDttm': '26-12-2022 01:03'}, {'objId': 39176, 'pdId': 435352, 'rpdId': 665324, 'devId': 1146, 'ordNum': 13, 'objRenderPhotoSize': 640812, 'objRenderPhotoUrl': 'https://xn--80az8a.xn--d1aqf.xn--p1ai/api/ext/file/988c1ca9-fbbf-4966-8fc8-a209ebf16b67', 'objRenderPhotoDttm': '14-10-2021 17:41', 'objRenderPhotoHiddenFlg': 0, 'objRenderPhotoNm': 'RBN_Fresh_-_final1012.jpg', 'objReadyDesc': 'Строится', 'objBuildTypeShortDesc': 'Жилое', 'knFlg': 1, 'loadDttm': '26-12-2022 01:03'}, {'objId': 39176, 'pdId': 435352, 'rpdId': 665324, 'devId': 1146, 'ordNum': 14, 'objRenderPhotoSize': 616401, 'objRenderPhotoUrl': 'https://xn--80az8a.xn--d1aqf.xn--p1ai/api/ext/file/4efa48f3-f6f4-4f2f-bfde-1520075fb92e', 'objRenderPhotoDttm': '14-10-2021 17:41', 'objRenderPhotoHiddenFlg': 0, 'objRenderPhotoNm': 'RBN_Fresh_-_final10_extra13.jpg', 'objReadyDesc': 'Строится', 'objBuildTypeShortDesc': 'Жилое', 'knFlg': 1, 'loadDttm': '26-12-2022 01:03'}, {'objId': 39176, 'pdId': 435352, 'rpdId': 665324, 'devId': 1146, 'ordNum': 15, 'objRenderPhotoSize': 679640, 'objRenderPhotoUrl': 'https://xn--80az8a.xn--d1aqf.xn--p1ai/api/ext/file/0a53d86a-3c35-4121-a235-19b22f38db1d', 'objRenderPhotoDttm': '14-10-2021 17:41', 'objRenderPhotoHiddenFlg': 0, 'objRenderPhotoNm': 'RBN_Fresh_-_final0114.jpg', 'objReadyDesc': 'Строится', 'objBuildTypeShortDesc': 'Жилое', 'knFlg': 1, 'loadDttm': '26-12-2022 01:03'}]",1,normal,https://xn--80az8a.xn--d1aqf.xn--p1ai/api/ext/file/1aea079a-b886-4072-a9a1-0d158c25b30e,1,119604,25,198,11535.6,20,0,True,31-03-2025 12:00,"2,72",0,5,5,3,106,0,1,1,5,3,0,1,0.54426297721835,103761,ООО ГРАНТ СТРОЙ (ИНН: 2312246941),1,[],True,info@ask-yug.com,0,B,5
39175,119603,435351,"{'devId': 1146, 'devShortCleanNm': 'АВА ДЕВЕЛОПМЕНТ ПЛЮС', 'devShortNm': 'АВА ДЕВЕЛОПМЕНТ ПЛЮС', 'devFullCleanNm': 'АВА ДЕВЕЛОПМЕНТ ПЛЮС', 'problObjCnt': 0, 'buildObjCnt': 2, 'comissObjCnt': 2, 'regRegionDesc': 'Краснодарский край', 'devPhoneNum': '+7(800)222-10-10', 'devSite': 'www.ask-yug.com', 'devEmail': 'elreg@ask-yug.com', 'devInn': '2312266578', 'devOgrn': '1172375095661', 'devKpp': '231201001', 'devLegalAddr': 'Краснодарский край, город Краснодар, улица Бородинская дом 14 помещение 318', 'devFactAddr': 'край Краснодарский город Краснодар улица Бородинская д. 14', 'lastRpdId': 666594, 'fundGuarantyFlg': 0, 'devOrgRegRegionCd': 23, 'devEmplMainFullNm': 'Самойленко Сергей Анатольевич', 'developerGroupName': 'AVA Group', 'orgForm': {'id': 4, 'fullForm': 'Общество с ограниченной ответственностью', 'shortForm': 'ООО'}, 'companyGroupId': 6695, 'objGuarantyEscrowFlg': 1, 'govFundFlg': 0}",23,"г Краснодар, улица Валерия Гассия, д. 4/7, литера 3",25,25,396,2023-06-30,Другое,По желанию заказчика,Нет,0,21932.8,23-002271,https://xn--80az8a.xn--d1aqf.xn--p1ai/api/ext/file/2deb68f3-3361-4326-88e5-a3993b1b9e26,08-12-2022 16:25,44.9862,39.0702,0,0,Комфорт,26-12-2022 01:19,"[{'objId': 39175, 'pdId': 435351, 'rpdId': 666594, 'devId': 1146, 'ordNum': 1, 'objRenderPhotoSize': 800434, 'objRenderPhotoUrl': 'https://xn--80az8a.xn--d1aqf.xn--p1ai/api/ext/file/cf684caf-8e48-409b-abc8-7197e9146ef5', 'objRenderPhotoDttm': '14-10-2021 17:40', 'objRenderPhotoHiddenFlg': 0, 'objRenderPhotoNm': 'RBN_Fresh_-_final02.jpg', 'objReadyDesc': 'Строится', 'objBuildTypeShortDesc': 'Жилое', 'knFlg': 1, 'loadDttm': '26-12-2022 01:03'}, {'objId': 39175, 'pdId': 435351, 'rpdId': 666594, 'devId': 1146, 'ordNum': 2, 'objRenderPhotoSize': 803024, 'objRenderPhotoUrl': 'https://xn--80az8a.xn--d1aqf.xn--p1ai/api/ext/file/dcd4b17a-e1e6-4041-85a4-e3f34b15ae49', 'objRenderPhotoDttm': '14-10-2021 17:40', 'objRenderPhotoHiddenFlg': 0, 'objRenderPhotoNm': 'RBN_Fresh_-_final02_21.jpg', 'objReadyDesc': 'Строится', 'objBuildTypeShortDesc': 'Жилое', 'knFlg': 1, 'loadDttm': '26-12-2022 01:03'}, {'objId': 39175, 'pdId': 435351, 'rpdId': 666594, 'devId': 1146, 'ordNum': 3, 'objRenderPhotoSize': 761263, 'objRenderPhotoUrl': 'https://xn--80az8a.xn--d1aqf.xn--p1ai/api/ext/file/cd351706-5361-40cf-be75-ec387aeaa4cb', 'objRenderPhotoDttm': '14-10-2021 17:40', 'objRenderPhotoHiddenFlg': 0, 'objRenderPhotoNm': 'RBN_Fresh_-_final032.jpg', 'objReadyDesc': 'Строится', 'objBuildTypeShortDesc': 'Жилое', 'knFlg': 1, 'loadDttm': '26-12-2022 01:03'}, {'objId': 39175, 'pdId': 435351, 'rpdId': 666594, 'devId': 1146, 'ordNum': 4, 'objRenderPhotoSize': 765332, 'objRenderPhotoUrl': 'https://xn--80az8a.xn--d1aqf.xn--p1ai/api/ext/file/94be5857-4d6b-404c-987a-01e57078c56c', 'objRenderPhotoDttm': '14-10-2021 17:40', 'objRenderPhotoHiddenFlg': 0, 'objRenderPhotoNm': 'RBN_Fresh_-_final03_23.jpg', 'objReadyDesc': 'Строится', 'objBuildTypeShortDesc': 'Жилое', 'knFlg': 1, 'loadDttm': '26-12-2022 01:03'}, {'objId': 39175, 'pdId': 435351, 'rpdId': 666594, 'devId': 1146, 'ordNum': 5, 'objRenderPhotoSize': 726023, 'objRenderPhotoUrl': 'https://xn--80az8a.xn--d1aqf.xn--p1ai/api/ext/file/081920e4-f7d1-4dce-97c1-be759a0369e9', 'objRenderPhotoDttm': '14-10-2021 17:40', 'objRenderPhotoHiddenFlg': 0, 'objRenderPhotoNm': 'RBN_Fresh_-_final044.jpg', 'objReadyDesc': 'Строится', 'objBuildTypeShortDesc': 'Жилое', 'knFlg': 1, 'loadDttm': '26-12-2022 01:03'}, {'objId': 39175, 'pdId': 435351, 'rpdId': 666594, 'devId': 1146, 'ordNum': 6, 'objRenderPhotoSize': 730030, 'objRenderPhotoUrl': 'https://xn--80az8a.xn--d1aqf.xn--p1ai/api/ext/file/e96f0f7b-5c86-4160-afd5-0d57e3203898', 'objRenderPhotoDttm': '14-10-2021 17:40', 'objRenderPhotoHiddenFlg': 0, 'objRenderPhotoNm': 'RBN_Fresh_-_final04_25.jpg', 'objReadyDesc': 'Строится', 'objBuildTypeShortDesc': 'Жилое', 'knFlg': 1, 'loadDttm': '26-12-2022 01:03'}, {'objId': 39175, 'pdId': 435351, 'rpdId': 666594, 'devId': 1146, 'ordNum': 7, 'objRenderPhotoSize': 816468, 'objRenderPhotoUrl': 'https://xn--80az8a.xn--d1aqf.xn--p1ai/api/ext/file/810ed81e-7b99-4dd5-a21e-064aa7de6740', 'objRenderPhotoDttm': '14-10-2021 17:40', 'objRenderPhotoHiddenFlg': 0, 'objRenderPhotoNm': 'RBN_Fresh_-_final056.jpg', 'objReadyDesc': 'Строится', 'objBuildTypeShortDesc': 'Жилое', 'knFlg': 1, 'loadDttm': '26-12-2022 01:03'}, {'objId': 39175, 'pdId': 435351, 'rpdId': 666594, 'devId': 1146, 'ordNum': 8, 'objRenderPhotoSize': 511116, 'objRenderPhotoUrl': 'https://xn--80az8a.xn--d1aqf.xn--p1ai/api/ext/file/daafedd2-f03a-4d9d-89ce-a6163ee2d612', 'objRenderPhotoDttm': '14-10-2021 17:40', 'objRenderPhotoHiddenFlg': 0, 'objRenderPhotoNm': 'RBN_Fresh_-_final067.jpg', 'objReadyDesc': 'Строится', 'objBuildTypeShortDesc': 'Жилое', 'knFlg': 1, 'loadDttm': '26-12-2022 01:03'}, {'objId': 39175, 'pdId': 435351, 'rpdId': 666594, 'devId': 1146, 'ordNum': 9, 'objRenderPhotoSize': 550854, 'objRenderPhotoUrl': 'https://xn--80az8a.xn--d1aqf.xn--p1ai/api/ext/file/b08a52dc-d8cd-41ae-961f-e7d2f2163145', 'objRenderPhotoDttm': '14-10-2021 17:40', 'objRenderPhotoHiddenFlg': 0, 'objRenderPhotoNm': 'RBN_Fresh_-_final078.jpg', 'objReadyDesc': 'Строится', 'objBuildTypeShortDesc': 'Жилое', 'knFlg': 1, 'loadDttm': '26-12-2022 01:03'}, {'objId': 39175, 'pdId': 435351, 'rpdId': 666594, 'devId': 1146, 'ordNum': 10, 'objRenderPhotoSize': 523434, 'objRenderPhotoUrl': 'https://xn--80az8a.xn--d1aqf.xn--p1ai/api/ext/file/9496cd96-d0f2-4388-9b81-d6d5a828656d', 'objRenderPhotoDttm': '14-10-2021 17:40', 'objRenderPhotoHiddenFlg': 0, 'objRenderPhotoNm': 'RBN_Fresh_-_final07_extra9.jpg', 'objReadyDesc': 'Строится', 'objBuildTypeShortDesc': 'Жилое', 'knFlg': 1, 'loadDttm': '26-12-2022 01:03'}, {'objId': 39175, 'pdId': 435351, 'rpdId': 666594, 'devId': 1146, 'ordNum': 11, 'objRenderPhotoSize': 626261, 'objRenderPhotoUrl': 'https://xn--80az8a.xn--d1aqf.xn--p1ai/api/ext/file/c9b079b6-7ae1-403e-9591-d44510f3e654', 'objRenderPhotoDttm': '14-10-2021 17:40', 'objRenderPhotoHiddenFlg': 0, 'objRenderPhotoNm': 'RBN_Fresh_-_final0810.jpg', 'objReadyDesc': 'Строится', 'objBuildTypeShortDesc': 'Жилое', 'knFlg': 1, 'loadDttm': '26-12-2022 01:03'}, {'objId': 39175, 'pdId': 435351, 'rpdId': 666594, 'devId': 1146, 'ordNum': 12, 'objRenderPhotoSize': 754549, 'objRenderPhotoUrl': 'https://xn--80az8a.xn--d1aqf.xn--p1ai/api/ext/file/81148187-9ee2-4819-a802-644f29a30eb4', 'objRenderPhotoDttm': '14-10-2021 17:40', 'objRenderPhotoHiddenFlg': 0, 'objRenderPhotoNm': 'RBN_Fresh_-_final09_extra11.jpg', 'objReadyDesc': 'Строится', 'objBuildTypeShortDesc': 'Жилое', 'knFlg': 1, 'loadDttm': '26-12-2022 01:03'}, {'objId': 39175, 'pdId': 435351, 'rpdId': 666594, 'devId': 1146, 'ordNum': 13, 'objRenderPhotoSize': 640812, 'objRenderPhotoUrl': 'https://xn--80az8a.xn--d1aqf.xn--p1ai/api/ext/file/741477ba-a25c-425a-b73a-0e4f73268856', 'objRenderPhotoDttm': '14-10-2021 17:40', 'objRenderPhotoHiddenFlg': 0, 'objRenderPhotoNm': 'RBN_Fresh_-_final1012.jpg', 'objReadyDesc': 'Строится', 'objBuildTypeShortDesc': 'Жилое', 'knFlg': 1, 'loadDttm': '26-12-2022 01:03'}, {'objId': 39175, 'pdId': 435351, 'rpdId': 666594, 'devId': 1146, 'ordNum': 14, 'objRenderPhotoSize': 616401, 'objRenderPhotoUrl': 'https://xn--80az8a.xn--d1aqf.xn--p1ai/api/ext/file/9581c12c-86f3-4671-8e5d-56dbab183152', 'objRenderPhotoDttm': '14-10-2021 17:40', 'objRenderPhotoHiddenFlg': 0, 'objRenderPhotoNm': 'RBN_Fresh_-_final10_extra13.jpg', 'objReadyDesc': 'Строится', 'objBuildTypeShortDesc': 'Жилое', 'knFlg': 1, 'loadDttm': '26-12-2022 01:03'}, {'objId': 39175, 'pdId': 435351, 'rpdId': 666594, 'devId': 1146, 'ordNum': 15, 'objRenderPhotoSize': 679640, 'objRenderPhotoUrl': 'https://xn--80az8a.xn--d1aqf.xn--p1ai/api/ext/file/bdd112bf-31ac-482e-9dc0-33c8f92764d8', 'objRenderPhotoDttm': '14-10-2021 17:40', 'objRenderPhotoHiddenFlg': 0, 'objRenderPhotoNm': 'RBN_Fresh_-_final0114.jpg', 'objReadyDesc': 'Строится', 'objBuildTypeShortDesc': 'Жилое', 'knFlg': 1, 'loadDttm': '26-12-2022 01:03'}]",1,normal,https://xn--80az8a.xn--d1aqf.xn--p1ai/api/ext/file/ec4dda9f-45d5-49b1-88a7-a80e5904bf2e,1,119603,25,396,21932.8,30,0,True,31-12-2023 12:00,"2,72",0,5,5,3,106,0,1,1,8,6,0,2,0.54581266413773,102841,ООО ГРАНТ СТРОЙ (ИНН: 2312246941),1,[],True,info@ask-yug.com,0,B,5
